{
 "hi_key"          : 17031560200
,"te_key"          : 301
,"tr_key"          : "GLTR"
,"tree_lat"        :  41.8141
,"tree_lng"        : -87.7458
,"plant_dt"        : "2023-07-29T00:00:00"
,"height_at_start" : 1.438
,"notes"           : "Final Leclaire Courts planting"
},
{
 "hi_key"          : 17031560200
,"te_key"          : 301
,"tr_key"          : "GLTR"
,"tree_lat"        :  41.8101
,"tree_lng"        : -87.7488
,"plant_dt"        : "2023-07-29T00:00:00"
,"height_at_start" : 1.3875
,"notes"           : "Final Leclaire Courts planting"
},
{
 "hi_key"          : 17031560200
,"te_key"          : 301
,"tr_key"          : "GLTR"
,"tree_lat"        :  41.8101
,"tree_lng"        : -87.7448
,"plant_dt"        : "2023-07-29T00:00:00"
,"height_at_start" : 1.893
,"notes"           : "Final Leclaire Courts planting"
}
