ps_hi_id,ps_te_id,ps_tr_id,ps_lat,ps_lng,ps_planted_on,ps_height,ps_comments
17031310700,101,ACNE,41.8636698824014,-87.6626400917485,14-Jun-2023,3.275,Placed in worst Chicago tree desert
17031310700,101,ACRU,41.8636698824014,-87.6626400917445,14-Jun-2023,2.175,Placed in worst Chicago tree desert
17031310700,101,ACSA1,41.8636698824014,-87.6626400917405,15-Jun-2023,1.75,Placed in worst Chicago tree desert
17031310700,101,ACSA2,41.8636698824114,-87.6626400917485,15-Jun-2023,2.95,Placed in worst Chicago tree desert
17031310700,101,CEOC,41.8636698824114,-87.6626400917445,17-Jun-2023,3.05,Placed in worst Chicago tree desert
17031310700,201,CEOC,41.8636698824314,-87.6626400917205,21-Jun-2023,4.05,Placed in worst Chicago tree desert
17031310700,201,JUNI,41.8636698824314,-87.6626400917405,21-Jun-2023,1.95,Placed in worst Chicago tree desert
17031310700,201,ULAM,41.8636698824314,-87.6626400917605,21-Jun-2023,1.8,Placed in worst Chicago tree desert
17031310700,201,ULPU,41.8636698824314,-87.6626400917805,21-Jun-2023,2.65,Placed in worst Chicago tree desert
17031310700,201,PODE,41.8636698824314,-87.6626400918105,21-Jun-2023,3.1,Placed in worst Chicago tree desert
17031310700,301,GLTR,41.8636698824614,-87.6626400917485,03-Jul-2023,1.965,Placed in worst Chicago tree desert
17031310700,301,ACNE,41.8636698824614,-87.6626400917445,03-Jul-2023,1.55,Placed in worst Chicago tree desert
17031310700,301,ACRU,41.8636698824614,-87.6626400917405,03-Jul-2023,2.05,Placed in worst Chicago tree desert
17031310700,301,ACSA1,41.8636698824614,-87.6626400917805,03-Jul-2023,2.375,Placed in worst Chicago tree desert
17031310700,301,CEOC,41.8636698824614,-87.6626400918105,03-Jul-2023,0.9875,Placed in worst Chicago tree desert
