tm_id,tm_te_id,tm_first_name,tm_last_name,tm_address,tm_city,tm_state_abbr,tm_zip_code,tm_lat,tm_lng
1001,101,Ruth,Czuprynski,318 Pebble Beach Lane,Bartlett,IL,60103,42.00157821,-88.20284652
1002,101,Scott,Carter,2135 Aberdeen Court,Hanover Park,IL,60133,41.95471292,-88.15905776
1003,101,Carmela,Francisco,414 Beaver Drive,Streamwood,IL,60107,42.02441442,-88.17060229
2001,201,Sylvia,Wojiechowski,4516 Blackhawk Lane,Lisle,IL,60532,41.80217876,-88.09994418
2002,201,Brett,Jones,4330 Washington Street,Downers Grove,IL,60515,41.80816418,-88.00763234
2003,201,Shinichi,Hayashi,2639 Crabtree Ave,Woodridge,IL,60517,41.74596679,-88.04694497
3001,301,Henry,Dusable,4806 S. Lacrosse Avenue,Chicago,IL,60638,41.80564874,-87.74451896
3002,301,Enrique,Sanchez,6310 S. Claremont Avenue,Chicago,IL,60636,41.77912141,-87.68271205
3003,301,Delia,Obregon,2727 W 23rd Place,Chicago,IL,60608,41.84912604,-87.69406817
