TR_ID,TR_COMMON_NAME,TR_SCIENT_NAME,TR_TYPE,TR_AVG_CROWN,TR_AVG_HEIGHT,TR_AVG_MAX_AGE
ACNE,Box elder,Acer negundo,BDM,1302.5,39.97,14.79
ACPL,Norway Maple,Acer platanoides,BDL,1350.36,54.05,9.44
ACRU,Red Maple,Acer rubrum,BDL,2243.85,34.85,12.34
ACSA1,Silver Maple,Acer saccharinum,BDL,1903.29,28.26,14.51
ACSA2,Sugar Maple,Acer saccharum,BDL,1982.49,33.39,9.68
CASP,Northern Catalpa,Catalpa speciosa,BDL,1575.37,45.57,11.98
CECA,Eastern Redbud,Cercis canadensis,BDS,1167.67,38.01,11.33
CEOC,Northern Hackberry,Celtis occidentalis,BDL,2062.6,59.48,10.54
FRAM,White Ash,Fraxinus americana,BDL,842.41,34.94,9.1
FRPE,Green Ash,Fraxinus pennsylvanica,BDL,774.86,43.36,7.29
GIBI,Ginkgo,Ginkgo biloba,BDM,2017.85,55.05,6.74
GLTR,Honey Locust,Gleditsia triacanthos,BDL,2269.06,40.39,12.31
JUNI,Black Walnut,Juglans nigra,BDL,1597.03,58.63,6.55
MA2,Apple,Malus spp.,BDS,1221.34,20.58,5.07
MO,Mulberry,Morus spp.,BDM,771.65,41.27,6.41
PIPU,Blue Spruce,Picea pungens,CEL,628.55,42.75,9.19
PIST,Eastern White Pine,Pinus strobus,CEL,2097.11,20.96,5.76
PODE,Eastern Cottonwood,Populus deltoides,BDL,680.09,48.88,13.72
PYCA_B,Callery Pear 'Bradford',Pyrus calleryana 'Bradford',BDM,1399.73,53.66,12.92
QUPA,Pin Oak,Quercus palustris,BDL,856.88,45.62,11.81
QURU,Northern Red Oak,Quercus rubra,BDL,2184.91,58.49,10.82
TIAM,American Basswood,Tilia americana,BDL,1413.02,56.55,9.88
TICO,Littleleaf Linden,Tilia cordata,BDM,1915.14,49.3,8.08
ULAM,American Elm,Ulmus americana,BDL,1731.39,23.52,14.26
ULPU,Siberian Elm,Ulmus pumila,BDM,695.07,45.54,5.7
