{"teamid" : 201
,"teamname" : "Benedectine University Arborists Doctorate Pgm"
,"teamleadcontact" : 2003
, "member" : [
  {"memberid"   : 2001
  ,"mbr_fname"  : "Sylvia"
  ,"mbr_lname"  : "Heinz"
  ,"mbr_addr"   : "5201 Riverview Drive"
  ,"mbr_city"   : "Lisle"
  ,"mbr_state"  : "IL"
  ,"mbr_zipcode": "60532"
  ,"mbr_lat"    :  41.79118597268099 
  ,"mbr_lng"    : -88.07606734445919 }
 ,{"memberid"   : 2002
 ,"mbr_fname"  : "Chris"
 ,"mbr_lname"  : "Anthemum"
 ,"mbr_addr"   : "21W634 Kensington Road"
 ,"mbr_city"   : "Glen Ellyn"
 ,"mbr_state"  : "IL"
 ,"mbr_zipcode": "60137"
 ,"mbr_lat"    :  41.84265072518736
 ,"mbr_lng"    : -88.04908723765195 }
 ,{"memberid"   : 2003
 ,"mbr_fname"  : "Igor"
 ,"mbr_lname"  : "Strelnikov"
 ,"mbr_addr"   : "1907 Somerset Lane"
 ,"mbr_city"   : "Wheaton"
 ,"mbr_state"  : "IL"
 ,"mbr_zipcode": "60189"
 ,"mbr_lat"    :  41.83567790635827
 ,"mbr_lng"    : -88.118925501038 }
]}

